timestamp,open,high,low,close,volume
2023-05-02 16:00:00,28540.69,28879.88,28431.48,28686.14,10323.68451
2023-05-02 20:00:00,28686.13,28815.43,28616.08,28669.86,5953.56567
2023-05-03 00:00:00,28669.85,28689.35,28336.3,28520.9,6054.38189
2023-05-03 04:00:00,28520.89,28680.0,28427.56,28653.8,5308.0261
2023-05-03 08:00:00,28653.81,28767.93,28526.18,28543.74,6103.80959
2023-05-03 12:00:00,28543.73,28583.33,28113.69,28311.51,13681.91671
2023-05-03 16:00:00,28311.52,28800.0,28211.08,28322.98,19116.3162
2023-05-03 20:00:00,28322.97,29266.66,28285.19,29026.16,14351.34164
2023-05-04 00:00:00,29026.16,29195.94,28950.98,29096.86,6023.39211
2023-05-04 04:00:00,29096.85,29237.73,29038.31,29058.19,5854.55975
2023-05-04 08:00:00,29058.2,29379.83,28982.58,29154.66,6802.18312
2023-05-04 12:00:00,29154.65,29232.87,28663.64,28866.19,13921.52127
2023-05-04 16:00:00,28866.2,28972.92,28673.59,28895.12,6804.94862
2023-05-04 20:00:00,28895.31,28920.0,28748.0,28838.16,3168.87014
2023-05-05 00:00:00,28838.16,29531.0,28819.77,29198.23,11947.31875
2023-05-05 04:00:00,29198.22,29275.0,29029.87,29062.29,7022.92515
2023-05-05 08:00:00,29062.29,29195.97,29022.27,29149.36,5306.30763
2023-05-05 12:00:00,29149.36,29439.99,28800.0,29356.45,16673.08266
2023-05-05 16:00:00,29356.44,29677.0,29315.78,29561.66,13062.47594
2023-05-05 20:00:00,29561.66,29650.0,29450.69,29505.61,4403.72035
2023-05-06 00:00:00,29505.6,29820.0,29337.83,29353.61,8317.65484
2023-05-06 04:00:00,29353.62,29437.01,29250.65,29363.35,4244.22179
2023-05-06 08:00:00,29363.34,29367.2,29132.14,29266.15,7223.00274
2023-05-06 12:00:00,29266.16,29267.24,28300.0,28576.61,17920.04251
2023-05-06 16:00:00,28576.62,28964.68,28535.26,28842.82,7823.22553
2023-05-06 20:00:00,28842.82,28880.49,28642.0,28848.2,3721.13718
2023-05-07 00:00:00,28848.19,29138.29,28744.08,28798.56,6222.87665
2023-05-07 04:00:00,28798.57,28952.56,28787.02,28910.41,3568.17865
2023-05-07 08:00:00,28910.42,28960.03,28705.12,28840.06,4273.23723
2023-05-07 12:00:00,28840.07,29095.88,28840.0,28942.67,5289.32095
2023-05-07 16:00:00,28942.66,29029.11,28770.69,28907.73,4257.69952
2023-05-07 20:00:00,28907.73,28952.87,28395.23,28430.1,6392.09728
2023-05-08 00:00:00,28430.09,28631.01,28004.23,28199.71,14859.1196
2023-05-08 04:00:00,28199.72,28262.19,27830.85,27975.48,8390.05014
2023-05-08 08:00:00,27975.47,27989.11,27577.01,27934.09,12536.98963
2023-05-08 12:00:00,27934.09,28082.14,27669.5,27887.58,11265.19598
2023-05-08 16:00:00,27887.58,27930.21,27289.39,27340.72,15387.57351
2023-05-08 20:00:00,27340.72,27699.8,27262.0,27668.79,5805.43293
2023-05-09 00:00:00,27668.8,27749.34,27534.55,27629.34,6065.10248
2023-05-09 04:00:00,27629.35,27673.72,27437.32,27666.64,6284.15386
2023-05-09 08:00:00,27666.63,27728.99,27517.7,27678.31,6095.98208
2023-05-09 12:00:00,27678.31,27818.0,27370.01,27400.39,10521.56892
2023-05-09 16:00:00,27400.39,27750.0,27353.0,27716.32,7606.46136
2023-05-09 20:00:00,27716.32,27775.18,27521.49,27628.27,3540.04199
2023-05-10 00:00:00,27628.28,27849.94,27620.19,27685.29,5494.08267
2023-05-10 04:00:00,27685.29,27720.97,27529.88,27542.26,4166.55679
2023-05-10 08:00:00,27542.26,27679.1,27474.91,27677.09,4341.29032
2023-05-10 12:00:00,27677.08,28331.42,27635.81,28153.2,20173.02813
2023-05-10 16:00:00,28153.21,28299.15,26777.0,27692.26,27681.52219
2023-05-10 20:00:00,27692.27,27982.23,27219.0,27598.75,9298.63345
2023-05-11 00:00:00,27598.74,27622.68,27367.76,27446.9,5751.34688
2023-05-11 04:00:00,27446.9,27553.21,27395.88,27450.07,4068.24392
2023-05-11 08:00:00,27450.07,27490.29,27257.98,27405.61,5364.94429
2023-05-11 12:00:00,27405.62,27630.14,26952.0,27179.42,14153.77268
2023-05-11 16:00:00,27179.43,27219.52,26702.05,26843.05,13568.21685
2023-05-11 20:00:00,26843.06,27060.47,26807.22,26968.62,4728.78903
2023-05-12 00:00:00,26968.61,27091.12,26528.01,26584.32,9615.45856
2023-05-12 04:00:00,26584.33,26710.0,26120.74,26311.52,15964.27071
2023-05-12 08:00:00,26311.51,26437.0,26234.79,26348.01,6428.01795
2023-05-12 12:00:00,26348.02,26614.67,26271.65,26320.84,10467.89536
2023-05-12 16:00:00,26320.83,26500.0,25811.46,26459.62,13923.67108
2023-05-12 20:00:00,26459.63,26894.9,26360.85,26795.01,10808.62128
2023-05-13 00:00:00,26795.01,26983.98,26692.03,26808.27,5326.73837
2023-05-13 04:00:00,26808.27,26870.19,26695.41,26771.88,3324.74278
2023-05-13 08:00:00,26771.87,26877.0,26746.53,26823.94,2880.66763
2023-05-13 12:00:00,26823.93,26904.98,26736.0,26816.25,3969.69792
2023-05-13 16:00:00,26816.25,27045.45,26757.32,26837.94,4607.2156
2023-05-13 20:00:00,26837.93,26939.4,26750.0,26775.28,2705.84191
2023-05-14 00:00:00,26775.27,26874.42,26560.53,26865.03,4054.69409
2023-05-14 04:00:00,26865.04,26898.87,26793.53,26855.21,1996.19316
2023-05-14 08:00:00,26855.22,26886.73,26790.02,26805.98,2360.00891
2023-05-14 12:00:00,26805.97,27200.0,26744.7,27082.02,6476.4122
2023-05-14 16:00:00,27082.01,27135.04,26827.23,26878.97,4269.87056
2023-05-14 20:00:00,26878.96,26961.55,26842.57,26917.62,2437.62468
2023-05-15 00:00:00,26917.61,27290.93,26726.0,27232.8,8804.15424
2023-05-15 04:00:00,27232.8,27550.03,27180.01,27407.48,9336.327
2023-05-15 08:00:00,27407.47,27485.5,27315.55,27336.12,4994.35313
2023-05-15 12:00:00,27336.12,27534.0,27221.2,27396.8,6016.97493
2023-05-15 16:00:00,27396.81,27663.59,27317.9,27418.24,7697.17284
2023-05-15 20:00:00,27418.24,27418.24,27126.73,27162.14,3581.10119
2023-05-16 00:00:00,27162.15,27296.89,26852.11,27130.0,7412.18425
2023-05-16 04:00:00,27130.02,27252.59,26993.71,27252.58,4084.89688
2023-05-16 08:00:00,27252.58,27286.08,26987.02,27059.03,6519.02741
2023-05-16 12:00:00,27059.03,27137.69,26900.0,27038.02,7185.69731
2023-05-16 16:00:00,27038.01,27151.51,26880.0,26933.05,5291.70789
2023-05-16 20:00:00,26933.06,27049.74,26897.34,27033.84,2776.94077
2023-05-17 00:00:00,27033.85,27238.55,26982.93,27060.04,4465.66046
2023-05-17 04:00:00,27060.05,27100.0,26760.0,26845.14,5043.29563
2023-05-17 08:00:00,26845.14,26914.3,26573.62,26637.62,7683.56934
2023-05-17 12:00:00,26637.61,26836.06,26544.71,26796.93,8211.97472
2023-05-17 16:00:00,26796.93,27447.29,26741.36,27385.09,11344.69624
2023-05-17 20:00:00,27385.09,27500.0,27274.45,27405.61,6209.78146
2023-05-18 00:00:00,27405.62,27485.33,27286.58,27365.69,4794.02065
2023-05-18 04:00:00,27365.69,27454.14,27152.29,27391.61,5687.90418
2023-05-18 08:00:00,27391.61,27440.01,27334.02,27398.97,4932.72046
2023-05-18 12:00:00,27398.97,27472.14,27021.95,27086.77,11379.91575
2023-05-18 16:00:00,27086.78,27118.36,26361.2,26734.01,17649.2143
2023-05-18 20:00:00,26734.01,27065.27,26691.2,26821.28,4754.87609
2023-05-19 00:00:00,26821.28,26929.04,26749.33,26834.73,3284.92163
2023-05-19 04:00:00,26834.73,26960.24,26812.03,26851.38,3895.84769
2023-05-19 08:00:00,26851.39,26926.61,26790.72,26855.89,3835.92219
2023-05-19 12:00:00,26855.9,27183.6,26630.0,26883.65,10729.53517
2023-05-19 16:00:00,26883.65,26973.56,26780.73,26834.46,5009.72566
2023-05-19 20:00:00,26834.47,26921.21,26807.73,26880.26,1998.1831
2023-05-20 00:00:00,26880.26,26908.42,26825.11,26865.58,1482.13696
2023-05-20 04:00:00,26865.59,26873.63,26835.1,26854.98,1564.32919
2023-05-20 08:00:00,26854.98,26917.38,26854.97,26880.06,1835.86678
2023-05-20 12:00:00,26880.05,26976.0,26875.51,26945.66,2592.17838
2023-05-20 16:00:00,26945.67,27150.0,26913.25,27063.03,4920.8158
2023-05-20 20:00:00,27063.04,27129.36,26967.18,27102.43,2039.22007
2023-05-21 00:00:00,27102.42,27277.55,27063.09,27176.22,3192.89918
2023-05-21 04:00:00,27176.22,27176.22,27047.88,27054.99,2189.06207
2023-05-21 08:00:00,27055.0,27085.81,26776.23,26829.94,5097.44885
2023-05-21 12:00:00,26829.93,26977.0,26803.58,26898.97,4298.7889
2023-05-21 16:00:00,26898.97,26933.33,26832.98,26902.12,2779.63268
2023-05-21 20:00:00,26902.13,26926.29,26666.03,26747.78,3790.04111
2023-05-22 00:00:00,26747.78,26779.54,26538.21,26644.8,5217.78929
2023-05-22 04:00:00,26644.8,26913.14,26643.12,26843.13,4019.96121
2023-05-22 08:00:00,26843.12,26900.0,26767.34,26826.78,2625.2567
2023-05-22 12:00:00,26826.79,27099.89,26702.91,26877.18,8413.07143
2023-05-22 16:00:00,26877.17,26930.0,26781.99,26862.43,4148.42459
2023-05-22 20:00:00,26862.43,26959.52,26833.21,26849.27,2034.33506
2023-05-23 00:00:00,26849.28,27442.03,26798.11,27366.67,11734.74573
2023-05-23 04:00:00,27366.67,27495.83,27205.01,27304.4,9379.21247
2023-05-23 08:00:00,27304.4,27349.0,27250.32,27337.36,4034.79813
2023-05-23 12:00:00,27337.36,27386.26,27175.19,27320.05,5982.18313
2023-05-23 16:00:00,27320.04,27328.48,27100.79,27181.22,4947.99802
2023-05-23 20:00:00,27181.23,27249.38,27151.38,27219.61,2621.9011
2023-05-24 00:00:00,27219.61,27219.61,26649.88,26786.0,8310.29731
2023-05-24 04:00:00,26786.01,26830.42,26613.0,26678.67,7316.11741
2023-05-24 08:00:00,26678.67,26839.02,26670.0,26742.24,5232.44209
2023-05-24 12:00:00,26742.25,26742.25,26080.5,26314.69,19023.6564
2023-05-24 16:00:00,26314.69,26397.64,26159.97,26252.33,8949.56603
2023-05-24 20:00:00,26252.34,26486.46,26242.62,26329.01,5560.98646
2023-05-25 00:00:00,26329.0,26394.37,25871.89,26183.72,8738.553
2023-05-25 04:00:00,26183.73,26300.0,26126.76,26131.27,4175.09584
2023-05-25 08:00:00,26131.27,26335.16,26128.37,26296.62,4349.74729
2023-05-25 12:00:00,26296.61,26499.99,26168.6,26226.12,9538.70156
2023-05-25 16:00:00,26226.12,26631.98,26207.47,26468.68,7740.72317
2023-05-25 20:00:00,26468.67,26551.02,26432.46,26473.79,2892.62809
2023-05-26 00:00:00,26473.8,26539.34,26350.0,26435.14,4447.14298
2023-05-26 04:00:00,26435.14,26534.05,26327.24,26501.33,3969.78034
2023-05-26 08:00:00,26501.34,26549.0,26423.62,26463.29,5035.26395
2023-05-26 12:00:00,26463.29,26932.16,26355.81,26750.21,12837.29542
2023-05-26 16:00:00,26750.22,26837.34,26610.49,26767.21,6306.29004
2023-05-26 20:00:00,26767.22,26807.5,26686.0,26705.92,2465.4144
2023-05-27 00:00:00,26705.93,26782.73,26633.0,26752.0,2670.95052
2023-05-27 04:00:00,26752.0,26786.51,26710.0,26722.8,2156.5994
2023-05-27 08:00:00,26722.8,26732.66,26666.37,26699.02,2242.83881
2023-05-27 12:00:00,26699.02,26777.77,26551.0,26690.05,3174.31189
2023-05-27 16:00:00,26690.06,26846.0,26620.35,26729.6,2781.7237
2023-05-27 20:00:00,26729.6,26895.0,26726.01,26854.27,2069.26238
2023-05-28 00:00:00,26854.28,27247.1,26764.36,27187.23,8004.20461
2023-05-28 04:00:00,27187.24,27285.52,27128.41,27226.37,5618.39448
2023-05-28 08:00:00,27226.38,27344.23,27136.01,27153.76,4114.67614
2023-05-28 12:00:00,27153.76,27280.0,27100.02,27272.17,4058.9424
2023-05-28 16:00:00,27272.17,27746.33,27212.91,27525.99,10140.27075
2023-05-28 20:00:00,27525.99,28261.32,27525.99,28065.0,11979.52017
2023-05-29 00:00:00,28065.01,28447.14,27914.28,27954.99,12178.46709
2023-05-29 04:00:00,27954.99,28047.01,27841.0,27907.87,6651.3647
2023-05-29 08:00:00,27907.86,27971.01,27745.78,27913.87,5028.062
2023-05-29 12:00:00,27913.87,27949.7,27588.0,27630.51,7542.99192
2023-05-29 16:00:00,27630.5,27737.99,27524.6,27637.94,7602.66189
2023-05-29 20:00:00,27637.94,27818.0,27554.57,27736.4,3381.87185
2023-05-30 00:00:00,27736.39,27940.55,27584.45,27829.23,4057.20611
2023-05-30 04:00:00,27829.23,27848.28,27672.93,27733.22,3551.68079
2023-05-30 08:00:00,27733.22,28038.59,27712.19,28021.4,6468.5174
2023-05-30 12:00:00,28021.39,28027.78,27615.0,27673.08,9424.08758
2023-05-30 16:00:00,27673.08,27862.84,27554.0,27850.2,5809.72829
2023-05-30 20:00:00,27850.21,27855.13,27651.17,27694.4,3375.53354
2023-05-31 00:00:00,27694.39,27835.51,27571.04,27657.3,4589.66625
2023-05-31 04:00:00,27657.29,27677.67,26968.49,27167.9,14852.80264
2023-05-31 08:00:00,27167.91,27203.73,26994.33,27097.18,7051.71041
2023-05-31 12:00:00,27097.18,27231.34,26851.0,26911.54,10524.42883
2023-05-31 16:00:00,26911.55,27123.43,26839.01,27010.57,5607.89699
2023-05-31 20:00:00,27010.57,27299.99,27005.16,27210.35,3962.30061
2023-06-01 00:00:00,27210.36,27350.0,26605.05,26779.94,11213.18795
2023-06-01 04:00:00,26779.93,26883.6,26746.0,26802.67,4613.77433
2023-06-01 08:00:00,26802.66,26951.07,26790.96,26892.96,4275.56782
2023-06-01 12:00:00,26892.95,26981.34,26782.53,26894.48,6481.67546
2023-06-01 16:00:00,26894.47,27175.0,26656.0,26862.68,8974.24713
2023-06-01 20:00:00,26862.68,26942.98,26713.34,26817.93,3659.35611
2023-06-02 00:00:00,26817.93,27017.0,26505.0,27000.0,7016.0416
2023-06-02 04:00:00,27000.01,27213.0,26949.4,27049.65,6856.64454
2023-06-02 08:00:00,27049.65,27183.07,27049.38,27130.75,3577.11
2023-06-02 12:00:00,27130.75,27240.0,26860.71,27095.92,9100.69076
2023-06-02 16:00:00,27095.93,27287.64,27006.22,27239.02,6294.35686
2023-06-02 20:00:00,27239.03,27300.0,27143.37,27242.59,3536.05893
2023-06-03 00:00:00,27242.59,27242.6,27092.0,27143.2,2715.88602
2023-06-03 04:00:00,27143.2,27212.78,27105.73,27174.42,1822.46448
2023-06-03 08:00:00,27174.42,27181.0,27112.73,27129.79,2020.98723
2023-06-03 12:00:00,27129.78,27333.29,27126.85,27305.26,3088.32066
2023-06-03 16:00:00,27305.27,27318.63,27025.59,27096.36,4087.75798
2023-06-03 20:00:00,27096.37,27124.68,26914.93,27069.22,2859.9248
2023-06-04 00:00:00,27069.22,27100.43,26951.0,27061.38,2017.63875
2023-06-04 04:00:00,27061.37,27163.94,27027.0,27150.45,2458.23876
2023-06-04 08:00:00,27150.46,27249.86,27123.81,27198.55,2737.05084
2023-06-04 12:00:00,27198.54,27298.0,27160.11,27179.0,3447.67191
2023-06-04 16:00:00,27179.0,27222.0,27155.0,27213.11,1986.61888
2023-06-04 20:00:00,27213.11,27455.02,27043.65,27115.21,6611.19135
2023-06-05 00:00:00,27115.2,27129.33,26791.04,26843.58,6449.76559
2023-06-05 04:00:00,26843.57,26870.54,26740.38,26829.99,5422.13247
2023-06-05 08:00:00,26830.0,26840.77,26668.0,26773.39,4723.46593
2023-06-05 12:00:00,26773.39,26817.61,26000.0,26007.53,14719.7066
2023-06-05 16:00:00,26007.53,26074.51,25388.0,25629.99,27456.05814
2023-06-05 20:00:00,25630.0,25858.42,25509.98,25728.2,7034.47432
2023-06-06 00:00:00,25728.2,25801.09,25601.0,25730.83,5737.28976
2023-06-06 04:00:00,25730.83,25821.41,25706.18,25722.33,4562.45045
2023-06-06 08:00:00,25722.34,25797.0,25640.33,25686.64,4705.4168
2023-06-06 12:00:00,25686.64,26143.69,25351.02,26066.11,18580.6297
2023-06-06 16:00:00,26066.12,27216.89,26066.11,27080.13,21954.76955
2023-06-06 20:00:00,27080.12,27355.33,26857.92,27230.08,12852.04812
2023-06-07 00:00:00,27230.07,27391.77,26720.47,26909.01,11374.06381
2023-06-07 04:00:00,26909.01,26980.04,26753.01,26795.87,5395.14109
2023-06-07 08:00:00,26795.87,26968.0,26352.0,26896.14,12299.41041
2023-06-07 12:00:00,26896.14,26932.1,26236.0,26349.52,16129.1175
2023-06-07 16:00:00,26349.52,26553.78,26240.47,26482.42,7669.83392
2023-06-07 20:00:00,26482.43,26493.3,26125.01,26339.34,6751.87691
2023-06-08 00:00:00,26339.34,26470.0,26210.0,26344.17,5218.61987
2023-06-08 04:00:00,26344.16,26523.93,26290.19,26444.69,3725.37329
2023-06-08 08:00:00,26444.68,26504.94,26368.04,26432.0,3204.5364
2023-06-08 12:00:00,26432.01,26810.0,26300.0,26721.68,10657.94023
2023-06-08 16:00:00,26721.69,26732.24,26414.02,26539.9,5458.16496
2023-06-08 20:00:00,26539.86,26649.97,26488.01,26498.61,2810.87608
2023-06-09 00:00:00,26498.62,26596.58,26269.91,26483.7,5322.52752
2023-06-09 04:00:00,26483.69,26576.55,26424.35,26493.43,3615.92481
2023-06-09 08:00:00,26493.44,26685.43,26491.66,26610.19,4887.18214
2023-06-09 12:00:00,26610.18,26783.33,26452.86,26477.37,7205.6206
2023-06-09 16:00:00,26477.36,26529.54,26383.05,26407.15,4445.40191
2023-06-09 20:00:00,26407.15,26500.0,26397.11,26477.81,2458.05272
2023-06-10 00:00:00,26477.8,26533.87,26266.0,26323.07,5021.65979
2023-06-10 04:00:00,26323.07,26349.17,25456.41,25651.09,28094.05597
2023-06-10 08:00:00,25651.08,25750.25,25561.25,25731.4,7165.46892
2023-06-10 12:00:00,25731.41,25731.41,25572.94,25628.8,5268.77063
2023-06-10 16:00:00,25628.81,26154.0,25358.0,25750.0,14974.92299
2023-06-10 20:00:00,25750.01,25932.02,25679.59,25841.21,4419.72278
2023-06-11 00:00:00,25841.22,25864.32,25695.0,25727.51,4218.10619
2023-06-11 04:00:00,25727.51,25834.59,25634.7,25741.33,3668.97441
2023-06-11 08:00:00,25741.32,25842.44,25695.0,25796.06,3776.68664
2023-06-11 12:00:00,25796.05,25806.11,25672.68,25751.36,4082.10621
2023-06-11 16:00:00,25751.36,26106.66,25738.07,26030.89,8314.30254
2023-06-11 20:00:00,26030.89,26206.88,25745.03,25925.55,5954.11996
2023-06-12 00:00:00,25925.54,26028.5,25602.11,25791.29,6665.93933
2023-06-12 04:00:00,25791.29,25905.63,25744.06,25802.98,3896.06919
2023-06-12 08:00:00,25802.97,26106.48,25780.0,25988.83,5833.76222
2023-06-12 12:00:00,25988.82,25993.6,25734.47,25824.63,5467.66761
2023-06-12 16:00:00,25824.63,25966.18,25652.04,25824.23,5214.5963
2023-06-12 20:00:00,25824.23,25970.05,25804.3,25905.19,2822.47428
2023-06-13 00:00:00,25905.2,26157.99,25818.07,26063.85,6646.9644
2023-06-13 04:00:00,26063.85,26133.03,25973.7,26073.92,3654.18194
2023-06-13 08:00:00,26073.91,26272.25,26060.77,26191.81,7274.19395
2023-06-13 12:00:00,26191.81,26433.21,25712.57,25759.54,15947.44516
2023-06-13 16:00:00,25759.54,25978.37,25739.38,25902.84,4582.14533
2023-06-13 20:00:00,25902.83,25959.26,25808.1,25934.25,2960.67775
2023-06-14 00:00:00,25934.24,26055.99,25911.6,25985.07,3250.7713
2023-06-14 04:00:00,25985.06,26005.36,25837.13,25897.72,3115.6103
2023-06-14 08:00:00,25897.71,26028.58,25885.35,25975.71,3129.69928
2023-06-14 12:00:00,25975.71,26085.33,25927.22,25986.75,4693.52887
2023-06-14 16:00:00,25986.74,26098.0,25753.38,25874.59,8531.61707
2023-06-14 20:00:00,25874.58,25879.69,24820.56,25128.6,22356.08926
2023-06-15 00:00:00,25128.6,25206.52,25030.01,25065.35,4255.38633
2023-06-15 04:00:00,25065.35,25072.35,24872.35,24983.8,7733.13657
2023-06-15 08:00:00,24983.81,25050.0,24800.0,25014.97,8784.77975
2023-06-15 12:00:00,25014.97,25108.54,24921.11,24959.95,8435.0323
2023-06-15 16:00:00,24959.96,25518.49,24929.0,25455.49,9617.56919
2023-06-15 20:00:00,25455.49,25759.01,25220.25,25598.49,9838.95649
2023-06-16 00:00:00,25598.49,25606.59,25440.39,25561.74,3915.20068
2023-06-16 04:00:00,25561.75,25629.73,25475.84,25537.01,4070.48779
2023-06-16 08:00:00,25537.0,25624.38,25462.03,25474.51,5108.24521
2023-06-16 12:00:00,25474.51,25896.78,25175.56,25840.01,12940.05194
2023-06-16 16:00:00,25840.0,26518.0,25774.02,26382.43,20866.29228
2023-06-16 20:00:00,26382.43,26464.58,26287.97,26345.0,4696.63872
2023-06-17 00:00:00,26345.01,26372.4,26181.0,26262.16,3497.08278
2023-06-17 04:00:00,26262.17,26839.99,26246.0,26593.57,9565.95016
2023-06-17 08:00:00,26593.58,26657.09,26473.5,26507.76,4665.11979
2023-06-17 12:00:00,26507.75,26585.48,26311.0,26410.82,5426.02563
2023-06-17 16:00:00,26410.82,26538.37,26378.95,26475.3,2713.13332
2023-06-17 20:00:00,26475.31,26595.13,26465.42,26516.99,1974.90782
2023-06-18 00:00:00,26516.99,26548.63,26378.98,26548.45,2397.66907
2023-06-18 04:00:00,26548.46,26680.0,26472.03,26584.98,4069.09898
2023-06-18 08:00:00,26584.99,26596.0,26456.83,26500.0,2525.69386
2023-06-18 12:00:00,26500.0,26573.35,26444.0,26562.09,3559.38335
2023-06-18 16:00:00,26562.09,26657.99,26525.99,26650.0,2834.3115
2023-06-18 20:00:00,26650.01,26700.0,26255.85,26339.97,6152.15346
2023-06-19 00:00:00,26339.98,26469.58,26256.61,26403.36,2818.66359
2023-06-19 04:00:00,26403.36,26478.87,26369.0,26428.01,2925.34742
2023-06-19 08:00:00,26428.0,26459.18,26364.4,26447.73,2824.90303
2023-06-19 12:00:00,26447.73,26576.87,26348.01,26444.0,5446.90953
2023-06-19 16:00:00,26443.99,27068.09,26308.45,26682.28,16596.08384
2023-06-19 20:00:00,26682.29,26859.36,26652.19,26844.35,5260.75233
2023-06-20 00:00:00,26844.35,27179.03,26798.68,26896.52,7510.40809
2023-06-20 04:00:00,26896.53,27033.24,26755.0,26832.44,5125.51154
2023-06-20 08:00:00,26832.45,26912.0,26702.47,26907.99,4550.36223
2023-06-20 12:00:00,26907.99,27134.73,26652.0,27071.93,8935.82439
2023-06-20 16:00:00,27071.94,28140.0,27001.73,27982.77,30469.11578
2023-06-20 20:00:00,27982.77,28402.74,27872.0,28307.99,13075.73322
2023-06-21 00:00:00,28308.0,29088.09,28257.99,28711.15,17152.45801
2023-06-21 04:00:00,28711.15,29005.0,28680.0,28872.28,11260.27734
2023-06-21 08:00:00,28872.28,29221.99,28787.7,28930.0,11143.04259
2023-06-21 12:00:00,28930.0,30000.0,28875.81,29851.58,27907.23239
2023-06-21 16:00:00,29851.58,30800.0,29763.37,30112.03,32165.45866
2023-06-21 20:00:00,30112.02,30195.77,29800.0,29993.89,9297.93513
2023-06-22 00:00:00,29993.89,30500.0,29891.15,30296.01,10104.59967
2023-06-22 04:00:00,30296.0,30350.0,30010.0,30100.75,7689.18523
2023-06-22 08:00:00,30100.75,30244.0,29840.09,29928.0,10681.90715
2023-06-22 12:00:00,29928.01,30351.14,29525.61,29850.65,16896.20667
2023-06-22 16:00:00,29850.65,30234.83,29821.5,30213.11,8943.57285
2023-06-22 20:00:00,30213.11,30256.76,29880.0,29884.92,4739.09303
2023-06-23 00:00:00,29884.92,30054.0,29800.0,30007.96,4581.18928
2023-06-23 04:00:00,30007.97,30082.25,29904.29,29931.99,4355.16293
2023-06-23 08:00:00,29932.0,30195.0,29906.71,30140.87,6057.11746
2023-06-23 12:00:00,30140.86,31400.0,29911.07,31238.0,26083.48619
2023-06-23 16:00:00,31238.01,31431.94,30615.33,30880.87,25886.97674
2023-06-23 20:00:00,30880.88,30950.0,30453.1,30688.5,6967.96375
2023-06-24 00:00:00,30688.51,30794.11,30410.0,30730.01,6049.00866
2023-06-24 04:00:00,30730.0,30788.0,30552.01,30567.58,3587.21749
2023-06-24 08:00:00,30567.58,30742.73,30552.78,30684.38,3478.09199
2023-06-24 12:00:00,30684.37,30800.0,30282.07,30398.71,7419.33976
2023-06-24 16:00:00,30398.72,30709.36,30250.0,30627.84,6143.31292
2023-06-24 20:00:00,30627.84,30627.85,30408.95,30527.43,3836.33053
2023-06-25 00:00:00,30527.44,30783.68,30465.41,30748.46,3538.22628
2023-06-25 04:00:00,30748.46,31046.01,30666.87,30723.78,8518.57452
2023-06-25 08:00:00,30723.78,30761.7,30584.51,30716.03,3922.90014
2023-06-25 12:00:00,30716.03,30739.8,30462.0,30585.16,5838.8806
2023-06-25 16:00:00,30585.16,30655.11,30328.0,30429.78,4871.42995
2023-06-25 20:00:00,30429.78,30571.89,30277.49,30462.66,3533.43652
2023-06-26 00:00:00,30462.67,30550.0,29963.6,30296.36,9207.88051
2023-06-26 04:00:00,30296.35,30580.0,30164.79,30404.29,6806.5466
2023-06-26 08:00:00,30404.28,30428.36,30130.0,30322.89,5433.69289
2023-06-26 12:00:00,30322.89,30666.0,30257.02,30419.62,9096.84715
2023-06-26 16:00:00,30419.63,30432.0,29930.0,30243.97,11221.92192
2023-06-26 20:00:00,30243.97,30290.0,30099.0,30267.99,3413.52582
2023-06-27 00:00:00,30267.99,30496.88,30226.17,30371.57,4890.13774
2023-06-27 04:00:00,30371.56,30470.8,30233.58,30411.22,4152.72217
2023-06-27 08:00:00,30411.23,30786.99,30336.0,30729.1,8932.93349
2023-06-27 12:00:00,30729.09,30994.97,30383.0,30498.74,13404.27576
2023-06-27 16:00:00,30498.74,30769.96,30455.5,30648.03,7509.05985
2023-06-27 20:00:00,30648.03,30736.24,30554.09,30692.44,3810.51256
2023-06-28 00:00:00,30692.44,30709.74,30336.36,30452.75,5422.85
2023-06-28 04:00:00,30452.74,30488.83,30155.75,30186.13,6169.86931
2023-06-28 08:00:00,30186.14,30388.0,30150.98,30310.73,4469.60145
2023-06-28 12:00:00,30310.73,30490.86,30009.0,30411.06,10958.22627
2023-06-28 16:00:00,30411.07,30466.36,29858.8,30100.0,9490.07497
2023-06-28 20:00:00,30099.99,30218.55,29948.82,30077.41,3952.89737
2023-06-29 00:00:00,30077.4,30245.9,30049.98,30176.0,2950.73551
2023-06-29 04:00:00,30176.0,30421.48,30141.05,30340.29,3650.28435
2023-06-29 08:00:00,30340.29,30750.0,30337.23,30670.94,9512.82089
2023-06-29 12:00:00,30670.95,30843.98,30400.0,30478.8,10056.97009
2023-06-29 16:00:00,30478.79,30663.37,30416.63,30584.99,5567.6853
2023-06-29 20:00:00,30584.99,30639.9,30250.0,30447.31,4592.13289
2023-06-30 00:00:00,30447.31,30883.68,30347.17,30745.05,7913.86236
2023-06-30 04:00:00,30745.06,31282.0,30610.01,30765.09,15308.46395
2023-06-30 08:00:00,30765.1,30963.2,30717.5,30910.01,6842.23429
2023-06-30 12:00:00,30910.01,31137.36,29500.0,30067.72,36336.678
2023-06-30 16:00:00,30067.72,30748.08,29925.5,30372.36,18843.02962
2023-06-30 20:00:00,30372.37,30544.44,30340.46,30472.0,4174.80796
2023-07-01 00:00:00,30471.99,30534.74,30375.85,30398.01,4008.04076
2023-07-01 04:00:00,30398.02,30472.69,30320.57,30459.88,3285.51834
2023-07-01 08:00:00,30459.87,30600.0,30420.77,30523.02,2775.7443
2023-07-01 12:00:00,30523.02,30661.6,30503.94,30572.58,3801.28671
2023-07-01 16:00:00,30572.59,30633.92,30543.99,30609.51,2240.4209
2023-07-01 20:00:00,30609.51,30612.68,30548.88,30585.9,1390.73974
2023-07-02 00:00:00,30585.9,30649.99,30463.16,30509.31,3211.40133
2023-07-02 04:00:00,30509.3,30553.17,30470.01,30513.01,2300.42674
2023-07-02 08:00:00,30513.01,30552.0,30484.0,30544.74,1915.72134
2023-07-02 12:00:00,30544.74,30628.0,30155.0,30498.01,5741.64801
2023-07-02 16:00:00,30498.0,30693.14,30366.65,30557.74,4005.03205
2023-07-02 20:00:00,30557.74,30791.0,30425.47,30617.03,6112.18072
2023-07-03 00:00:00,30617.02,30800.01,30587.77,30756.65,3617.65215
2023-07-03 04:00:00,30756.65,30795.8,30606.0,30667.19,4529.14702
2023-07-03 08:00:00,30667.19,30700.92,30583.01,30625.22,5651.3227
2023-07-03 12:00:00,30625.22,31170.0,30570.27,31068.64,11506.76313
2023-07-03 16:00:00,31068.64,31380.0,30800.8,31255.84,12496.68998
2023-07-03 20:00:00,31255.83,31299.16,30900.0,31156.2,5960.06813
2023-07-04 00:00:00,31156.2,31350.69,31096.48,31195.69,5915.60031
2023-07-04 04:00:00,31195.68,31212.26,30879.29,30911.41,6224.065
2023-07-04 08:00:00,30911.4,31080.0,30867.68,31067.99,4279.90524
2023-07-04 12:00:00,31067.99,31080.0,30886.0,30964.37,5117.54936
2023-07-04 16:00:00,30964.38,31130.0,30620.0,30696.84,8695.01225
2023-07-04 20:00:00,30696.84,30843.73,30668.5,30766.51,2973.98727
2023-07-05 00:00:00,30766.52,30878.07,30752.0,30868.71,2838.19206
2023-07-05 04:00:00,30868.71,30869.57,30762.0,30774.25,2778.41767
2023-07-05 08:00:00,30774.24,30810.34,30350.0,30404.3,9136.14566
2023-07-05 12:00:00,30404.31,30452.0,30200.0,30356.11,10424.67966
2023-07-05 16:00:00,30356.11,30591.57,30333.7,30431.95,4635.72484
2023-07-05 20:00:00,30431.95,30539.13,30383.83,30504.81,3402.51133
2023-07-06 00:00:00,30504.8,30560.51,30327.0,30490.85,2865.18104
2023-07-06 04:00:00,30490.85,30857.89,30438.26,30803.19,6076.76347
2023-07-06 08:00:00,30803.2,31500.0,30701.0,30846.55,20483.84413
2023-07-06 12:00:00,30846.55,30887.1,29888.0,30407.01,27112.31388
2023-07-06 16:00:00,30407.0,30464.13,30157.41,30309.88,7633.47953
2023-07-06 20:00:00,30309.88,30345.18,29850.45,29895.43,7148.04405
2023-07-07 00:00:00,29895.42,30165.64,29701.02,30135.4,8889.61673
2023-07-07 04:00:00,30135.41,30300.0,29930.53,30007.4,5605.28806
2023-07-07 08:00:00,30007.41,30199.0,29970.0,30118.7,4267.97548
2023-07-07 12:00:00,30118.7,30443.75,30041.05,30390.83,8978.21955
2023-07-07 16:00:00,30390.83,30449.0,30116.0,30246.2,4029.29082
2023-07-07 20:00:00,30246.21,30346.06,30214.16,30344.7,2300.14831
2023-07-08 00:00:00,30344.7,30386.81,30257.07,30274.83,2033.13323
2023-07-08 04:00:00,30274.82,30279.19,30145.21,30193.36,2329.32411
2023-07-08 08:00:00,30193.36,30313.98,30156.23,30201.71,2090.67845
2023-07-08 12:00:00,30201.72,30239.37,30152.19,30208.0,1628.14246
2023-07-08 16:00:00,30208.01,30318.25,30044.47,30112.0,2961.09304
2023-07-08 20:00:00,30112.0,30289.99,30054.06,30284.63,2052.21913
2023-07-09 00:00:00,30284.63,30402.98,30246.47,30287.99,2693.84185
2023-07-09 04:00:00,30287.99,30299.89,30233.33,30265.0,1865.45368
2023-07-09 08:00:00,30265.0,30310.0,30240.0,30266.69,1557.55664
2023-07-09 12:00:00,30266.7,30445.52,30190.0,30349.47,4204.63044
2023-07-09 16:00:00,30349.47,30349.74,30204.0,30242.42,1814.15215
2023-07-09 20:00:00,30242.43,30249.99,30061.12,30160.71,3252.8672
2023-07-10 00:00:00,30160.71,30240.0,29950.0,30156.17,5431.19593
2023-07-10 04:00:00,30156.17,30160.0,30050.29,30112.1,2853.31032
2023-07-10 08:00:00,30112.11,30245.9,30000.02,30240.0,4702.37808
2023-07-10 12:00:00,30240.0,30362.0,30143.21,30312.81,5908.11612
2023-07-10 16:00:00,30312.82,30840.0,30241.0,30837.4,7615.41653
2023-07-10 20:00:00,30837.4,31045.78,30190.0,30411.57,14752.45954
2023-07-11 00:00:00,30411.57,30600.0,30363.29,30476.0,4533.99483
2023-07-11 04:00:00,30475.99,30658.0,30430.88,30535.38,4563.71355
2023-07-11 08:00:00,30535.38,30567.32,30344.28,30404.31,4397.68536
2023-07-11 12:00:00,30404.31,30813.63,30300.0,30596.45,7750.28791
2023-07-11 16:00:00,30596.44,30693.87,30405.0,30581.99,4536.83905
2023-07-11 20:00:00,30582.0,30650.0,30501.56,30622.1,2694.31241
2023-07-12 00:00:00,30622.1,30671.38,30497.95,30588.32,3576.286
2023-07-12 04:00:00,30588.32,30849.01,30565.53,30740.0,4266.19442
2023-07-12 08:00:00,30740.0,30809.13,30656.0,30776.25,3490.22801
2023-07-12 12:00:00,30776.25,30983.25,30461.59,30524.63,15884.13856
2023-07-12 16:00:00,30524.63,30538.44,30210.0,30287.47,7668.51251
2023-07-12 20:00:00,30287.48,30419.99,30238.28,30380.0,3223.63719
2023-07-13 00:00:00,30380.0,30433.25,30274.0,30298.01,3210.23446
2023-07-13 04:00:00,30298.01,30426.91,30251.0,30366.02,3711.05195
2023-07-13 08:00:00,30366.01,30637.06,30345.05,30543.99,4724.52462
2023-07-13 12:00:00,30543.99,31170.0,30459.91,30917.48,15742.34992
2023-07-13 16:00:00,30917.48,31804.2,30718.27,31606.01,33413.97579
2023-07-13 20:00:00,31606.0,31691.46,31000.0,31454.23,9970.38162
2023-07-14 00:00:00,31454.23,31630.0,31333.0,31460.0,8667.09146
2023-07-14 04:00:00,31459.99,31469.0,31075.25,31098.74,5686.39884
2023-07-14 08:00:00,31098.75,31287.85,31083.95,31209.59,4545.37951
2023-07-14 12:00:00,31209.58,31360.11,31050.0,31240.48,5568.76486
2023-07-14 16:00:00,31240.49,31275.5,29900.0,30115.17,29179.61822
2023-07-14 20:00:00,30115.18,30319.03,29985.31,30312.01,7102.23135
2023-07-15 00:00:00,30312.0,30390.9,30200.0,30292.91,3765.02048
2023-07-15 04:00:00,30292.9,30366.83,30257.45,30338.0,2509.41585
2023-07-15 08:00:00,30338.0,30371.67,30263.25,30311.99,2699.92345
2023-07-15 12:00:00,30311.99,30365.04,30250.99,30303.41,2114.38171
2023-07-15 16:00:00,30303.4,30358.18,30256.89,30326.47,1864.0798
2023-07-15 20:00:00,30326.47,30326.47,30269.96,30289.52,1165.732
2023-07-16 00:00:00,30289.52,30335.0,30064.29,30188.0,4106.79294
2023-07-16 04:00:00,30188.0,30311.99,30134.59,30265.22,1941.43927
2023-07-16 08:00:00,30265.23,30350.0,30265.22,30306.01,2061.54158
2023-07-16 12:00:00,30306.01,30441.46,30273.08,30379.95,3061.26246
2023-07-16 16:00:00,30379.96,30403.13,30200.43,30252.93,2207.15898
2023-07-16 20:00:00,30252.94,30361.0,30122.95,30231.99,2381.93287
2023-07-17 00:00:00,30232.0,30336.96,30176.03,30312.66,2046.85414
2023-07-17 04:00:00,30312.66,30323.05,30232.06,30281.0,2300.08203
2023-07-17 08:00:00,30281.01,30328.0,29965.39,30161.7,6972.3241
2023-07-17 12:00:00,30161.7,30308.0,30032.0,30174.83,5199.39113
2023-07-17 16:00:00,30174.84,30241.03,29659.2,29884.39,10264.88813
2023-07-17 20:00:00,29884.4,30285.71,29881.41,30138.0,4099.22886
2023-07-18 00:00:00,30138.01,30239.78,30073.96,30073.96,2946.84335
2023-07-18 04:00:00,30073.97,30118.19,29921.54,29968.13,4074.27718
2023-07-18 08:00:00,29968.13,30111.68,29810.0,29884.01,5367.53981
2023-07-18 12:00:00,29884.0,30034.15,29675.0,29912.0,7997.98214
2023-07-18 16:00:00,29912.01,29964.99,29512.0,29715.99,7221.04629
2023-07-18 20:00:00,29715.98,29865.0,29690.65,29859.13,2396.17133
2023-07-19 00:00:00,29859.14,30076.71,29839.5,30059.11,3876.95657
2023-07-19 04:00:00,30059.1,30189.09,29966.48,30000.68,4281.65902
2023-07-19 08:00:00,30000.68,30046.0,29867.17,30012.63,3539.89276
2023-07-19 12:00:00,30012.62,30128.0,29761.96,29956.46,6395.6526
2023-07-19 16:00:00,29956.46,30100.0,29870.0,30044.31,4369.91637
2023-07-19 20:00:00,30044.31,30054.0,29830.36,29909.21,3193.28405
2023-07-20 00:00:00,29909.21,30047.95,29881.29,29948.01,2444.85301
2023-07-20 04:00:00,29948.0,30246.98,29926.88,30202.77,5123.20299
2023-07-20 08:00:00,30202.78,30417.46,30166.67,30284.9,7608.78698
2023-07-20 12:00:00,30284.9,30316.0,29627.04,29810.18,11993.35064
2023-07-20 16:00:00,29810.17,29872.71,29570.96,29756.0,6738.857
2023-07-20 20:00:00,29756.0,29888.0,29669.56,29800.0,3631.63131
2023-07-21 00:00:00,29800.0,29953.01,29726.34,29897.62,4221.94752
2023-07-21 04:00:00,29897.62,29904.0,29751.9,29766.81,3343.90966
2023-07-21 08:00:00,29766.81,29851.37,29729.76,29778.51,3237.11897
2023-07-21 12:00:00,29778.51,29913.94,29778.5,29866.0,4668.9474
2023-07-21 16:00:00,29866.0,30061.7,29770.0,29875.99,5597.68776
2023-07-21 20:00:00,29875.99,29955.0,29833.93,29901.72,2811.79734
2023-07-22 00:00:00,29901.72,29999.0,29896.0,29903.41,2730.91284
2023-07-22 04:00:00,29903.4,29990.0,29848.0,29944.77,2257.82522
2023-07-22 08:00:00,29944.78,29979.92,29864.48,29886.94,2527.3291
2023-07-22 12:00:00,29886.93,29907.35,29828.77,29900.24,1964.17495
2023-07-22 16:00:00,29900.23,29908.71,29801.66,29836.0,1801.40881
2023-07-22 20:00:00,29836.0,29839.75,29625.1,29794.0,3378.75375
2023-07-23 00:00:00,29793.99,29893.77,29730.0,29845.72,2210.12963
2023-07-23 04:00:00,29845.71,29980.88,29845.71,29916.0,2924.91327
2023-07-23 08:00:00,29916.0,29959.0,29884.0,29888.58,2006.54126
2023-07-23 12:00:00,29888.59,29931.51,29852.29,29897.64,1417.20165
2023-07-23 16:00:00,29897.64,30350.0,29897.63,30093.12,6979.01521
2023-07-23 20:00:00,30093.12,30143.5,29920.37,30083.75,2754.98535
2023-07-24 00:00:00,30083.75,30099.58,29669.83,29716.01,4955.72652
2023-07-24 04:00:00,29716.0,29870.0,29660.0,29828.0,3839.73703
2023-07-24 08:00:00,29828.0,29832.54,29000.0,29269.99,12633.36871
2023-07-24 12:00:00,29269.99,29270.0,28861.9,29093.78,11841.66927
2023-07-24 16:00:00,29093.78,29157.15,29000.0,29117.99,4363.62637
2023-07-24 20:00:00,29117.99,29210.0,29090.36,29176.5,1994.86901
2023-07-25 00:00:00,29176.5,29183.34,29047.65,29111.0,3185.67346
2023-07-25 04:00:00,29111.0,29165.3,29074.55,29142.46,2754.17235
2023-07-25 08:00:00,29142.46,29282.0,29120.0,29128.29,3420.58834
2023-07-25 12:00:00,29128.29,29340.57,29082.84,29181.51,6818.58052
2023-07-25 16:00:00,29181.5,29376.0,29181.5,29198.83,3475.16328
2023-07-25 20:00:00,29198.82,29255.99,29183.93,29228.91,1911.56985
2023-07-26 00:00:00,29228.91,29412.88,29096.94,29242.81,4301.44969
2023-07-26 04:00:00,29242.8,29320.84,29180.0,29216.61,3303.70822
2023-07-26 08:00:00,29216.61,29240.54,29160.33,29175.39,2818.48677
2023-07-26 12:00:00,29175.39,29354.0,29166.36,29324.0,5180.25464
2023-07-26 16:00:00,29324.01,29499.0,29195.0,29401.93,9364.62077
2023-07-26 20:00:00,29401.93,29690.0,29280.01,29351.96,8963.11357
2023-07-27 00:00:00,29351.95,29450.44,29302.01,29405.78,2433.06591
2023-07-27 04:00:00,29405.78,29499.41,29378.6,29412.17,3487.8236
2023-07-27 08:00:00,29412.18,29567.49,29396.0,29507.03,3279.97998
2023-07-27 12:00:00,29507.02,29507.03,29236.78,29292.01,5407.7351
2023-07-27 16:00:00,29292.0,29333.22,29083.85,29163.83,5538.09551
2023-07-27 20:00:00,29163.83,29238.0,29133.5,29222.78,2329.77616
2023-07-28 00:00:00,29222.78,29305.3,29188.15,29253.85,3009.31278
2023-07-28 04:00:00,29253.84,29266.0,29135.15,29140.8,3783.45723
2023-07-28 08:00:00,29140.79,29246.08,29123.12,29206.59,3823.62755
2023-07-28 12:00:00,29206.58,29542.22,29206.58,29387.99,7235.3303
2023-07-28 16:00:00,29387.99,29399.98,29194.05,29316.0,4641.51658
2023-07-28 20:00:00,29316.0,29364.46,29284.68,29314.14,1500.37183
2023-07-29 00:00:00,29314.14,29396.15,29296.0,29371.89,2528.35734
2023-07-29 04:00:00,29371.9,29406.92,29295.0,29295.01,2178.5164
2023-07-29 08:00:00,29295.0,29330.55,29256.18,29267.16,1989.92338
2023-07-29 12:00:00,29267.16,29335.25,29261.87,29292.34,1933.64564
2023-07-29 16:00:00,29292.34,29349.62,29290.6,29338.02,1140.45592
2023-07-29 20:00:00,29338.03,29380.92,29338.02,29352.9,1080.46976
2023-07-30 00:00:00,29352.9,29352.92,29306.03,29314.92,971.6578
2023-07-30 04:00:00,29314.93,29331.98,29268.65,29294.31,1373.60195
2023-07-30 08:00:00,29294.3,29326.47,29232.22,29314.0,2125.5252
2023-07-30 12:00:00,29314.0,29449.0,29278.38,29349.37,3896.8527
2023-07-30 16:00:00,29349.36,29405.66,29113.51,29202.28,3341.76402
2023-07-30 20:00:00,29202.28,29284.0,29033.24,29281.09,3997.57274
2023-07-31 00:00:00,29281.09,29530.0,29264.0,29421.99,4109.65797
2023-07-31 04:00:00,29422.0,29443.68,29360.66,29373.61,2975.90381
2023-07-31 08:00:00,29373.62,29420.06,29332.32,29405.99,3067.69901
2023-07-31 12:00:00,29405.99,29473.97,29225.97,29247.98,4845.7793
2023-07-31 16:00:00,29247.99,29274.99,29101.8,29157.48,4521.86978
2023-07-31 20:00:00,29157.49,29295.24,29115.64,29232.25,3084.57977
2023-08-01 00:00:00,29232.26,29347.16,28720.0,28835.0,8673.02328
2023-08-01 04:00:00,28835.01,28970.81,28803.5,28937.3,4964.8536
2023-08-01 08:00:00,28937.31,28995.59,28862.18,28862.19,3644.73244
2023-08-01 12:00:00,28862.19,28980.0,28585.7,28954.0,9581.32861
2023-08-01 16:00:00,28953.99,29335.0,28864.01,29274.41,8846.63298
2023-08-01 20:00:00,29274.42,29739.25,29180.0,29705.99,9009.08071
2023-08-02 00:00:00,29705.99,30047.5,29622.5,29632.96,12892.26158
2023-08-02 04:00:00,29632.96,29719.77,29564.0,29577.26,5196.11558
2023-08-02 08:00:00,29577.25,29577.26,29378.62,29562.49,6827.56627
2023-08-02 12:00:00,29562.49,29603.8,29169.04,29321.4,9531.2654
2023-08-02 16:00:00,29321.39,29364.0,28927.5,29151.56,11051.05572
2023-08-02 20:00:00,29151.57,29233.06,29066.35,29186.01,2683.38686
2023-08-03 00:00:00,29186.0,29275.8,29126.34,29182.14,3369.62096
2023-08-03 04:00:00,29182.13,29192.0,29013.04,29044.17,3838.38639
2023-08-03 08:00:00,29044.16,29197.78,28968.0,29146.01,3557.08908
2023-08-03 12:00:00,29146.01,29433.33,29078.43,29259.07,7234.91983
2023-08-03 16:00:00,29259.07,29368.86,29137.55,29281.32,5040.57791
2023-08-03 20:00:00,29281.32,29361.14,29165.46,29193.64,3436.32577
2023-08-04 00:00:00,29193.65,29251.68,29100.0,29161.29,2758.43275
2023-08-04 04:00:00,29161.28,29253.02,29134.7,29212.92,2786.72183
2023-08-04 08:00:00,29212.91,29263.52,29137.0,29167.51,3233.96545
2023-08-04 12:00:00,29167.51,29333.08,29130.0,29274.28,5261.81968
2023-08-04 16:00:00,29274.28,29286.7,28950.0,29032.06,5475.27303
2023-08-04 20:00:00,29032.05,29130.35,28807.54,29113.99,4035.73943
2023-08-05 00:00:00,29114.0,29152.23,29065.11,29094.53,2238.91853
2023-08-05 04:00:00,29094.52,29097.72,29035.0,29052.81,2237.92793
2023-08-05 08:00:00,29052.81,29090.39,29044.37,29048.0,2385.2365
2023-08-05 12:00:00,29048.01,29082.13,28978.64,29041.49,2527.96804
2023-08-05 16:00:00,29041.49,29099.0,29009.37,29067.35,1293.61863
2023-08-05 20:00:00,29067.36,29092.38,29052.5,29072.13,961.85055
2023-08-06 00:00:00,29072.13,29078.95,29036.0,29063.99,1730.38101
2023-08-06 04:00:00,29064.0,29107.48,29045.96,29092.68,2554.57467
2023-08-06 08:00:00,29092.68,29142.0,29047.82,29078.01,2173.81719
2023-08-06 12:00:00,29078.01,29078.01,28991.88,29012.93,2574.91787
2023-08-06 16:00:00,29012.92,29102.91,29000.52,29088.0,1393.09127
2023-08-06 20:00:00,29088.0,29205.09,29038.13,29088.42,2751.41519
2023-08-07 00:00:00,29088.43,29229.62,29018.25,29162.67,3469.1155
2023-08-07 04:00:00,29162.66,29197.82,29050.77,29094.09,3151.67245
2023-08-07 08:00:00,29094.09,29153.86,29045.14,29091.44,2870.95625
2023-08-07 12:00:00,29091.44,29150.0,28788.73,28858.44,8042.90902
2023-08-07 16:00:00,28858.45,29186.74,28701.03,29154.91,10217.00216
2023-08-07 20:00:00,29154.91,29276.78,29121.12,29211.06,3215.22208
2023-08-08 00:00:00,29211.06,29260.1,29146.45,29195.08,2613.81378
2023-08-08 04:00:00,29195.09,29331.24,29181.81,29187.62,3984.65386
2023-08-08 08:00:00,29187.62,29441.96,29171.47,29438.63,4673.9121
2023-08-08 12:00:00,29438.63,29674.7,29354.0,29535.39,12230.25712
2023-08-08 16:00:00,29535.38,29950.0,29535.38,29884.24,13510.46737
2023-08-08 20:00:00,29884.23,30244.0,29685.76,29770.42,8687.42969
2023-08-09 00:00:00,29770.41,29883.1,29613.0,29716.01,5699.9951
2023-08-09 04:00:00,29716.0,29821.29,29673.34,29818.0,4621.81004
2023-08-09 08:00:00,29818.01,29914.19,29740.01,29888.32,4765.65488
2023-08-09 12:00:00,29888.32,30160.0,29676.86,29761.7,11490.49149
2023-08-09 16:00:00,29761.7,29774.0,29396.95,29416.22,8420.25502
2023-08-09 20:00:00,29416.21,29626.0,29376.67,29581.99,3005.68072
2023-08-10 00:00:00,29581.99,29660.06,29566.66,29582.63,3086.43915
2023-08-10 04:00:00,29582.63,29616.98,29491.11,29512.0,3524.95587
2023-08-10 08:00:00,29511.99,29559.98,29476.0,29504.01,3463.97279
2023-08-10 12:00:00,29504.01,29738.0,29400.0,29466.0,8102.29021
2023-08-10 16:00:00,29465.99,29478.07,29320.2,29444.52,3677.42824
2023-08-10 20:00:00,29444.52,29488.29,29422.71,29455.75,1608.36747
2023-08-11 00:00:00,29455.76,29498.17,29352.47,29412.0,2899.21477
2023-08-11 04:00:00,29412.0,29490.0,29380.04,29417.28,3351.66422
2023-08-11 08:00:00,29417.28,29452.33,29350.0,29445.96,3809.67776
2023-08-11 12:00:00,29445.96,29564.52,29354.0,29395.89,5863.2428
2023-08-11 16:00:00,29395.9,29431.03,29252.45,29396.76,3515.35274
2023-08-11 20:00:00,29396.76,29444.73,29396.76,29426.03,1197.89201
2023-08-12 00:00:00,29426.02,29460.73,29381.56,29402.07,1581.2942
2023-08-12 04:00:00,29402.06,29426.68,29384.82,29421.49,1711.51601
2023-08-12 08:00:00,29421.48,29434.35,29390.57,29429.85,2189.80574
2023-08-12 12:00:00,29429.85,29458.1,29408.28,29438.81,1390.34294
2023-08-12 16:00:00,29438.81,29481.35,29411.58,29416.16,1263.44937
2023-08-12 20:00:00,29416.17,29433.16,29400.0,29430.17,835.07242
2023-08-13 00:00:00,29430.18,29455.21,29400.0,29418.56,1168.69051
2023-08-13 04:00:00,29418.56,29418.57,29363.0,29396.36,1836.11114
2023-08-13 08:00:00,29396.37,29416.53,29375.49,29383.38,1855.11829
2023-08-13 12:00:00,29383.39,29393.76,29362.0,29374.2,1507.97478
2023-08-13 16:00:00,29374.19,29474.65,29328.21,29442.91,2401.6459
2023-08-13 20:00:00,29442.91,29446.0,29272.32,29303.84,2332.16885
2023-08-14 00:00:00,29303.85,29429.95,29102.45,29399.91,9359.80818
2023-08-14 04:00:00,29399.91,29469.63,29392.6,29422.01,2986.60563
2023-08-14 08:00:00,29422.01,29495.76,29383.63,29409.99,3167.54657
2023-08-14 12:00:00,29410.0,29672.0,29332.61,29599.99,7136.81271
2023-08-14 16:00:00,29600.0,29695.32,29257.0,29360.54,6860.28114
2023-08-14 20:00:00,29360.54,29471.31,29338.12,29430.93,1932.06109
2023-08-15 00:00:00,29430.92,29454.23,29371.99,29402.01,2988.63804
2023-08-15 04:00:00,29402.0,29435.02,29351.33,29408.84,3759.31138
2023-08-15 08:00:00,29408.83,29457.44,29358.0,29366.0,4590.74949
2023-08-15 12:00:00,29365.99,29499.26,29315.0,29332.66,5517.77561
2023-08-15 16:00:00,29332.67,29369.23,29059.6,29181.73,7775.93801
2023-08-15 20:00:00,29181.73,29243.08,29135.81,29200.0,2871.46438
2023-08-16 00:00:00,29200.01,29259.85,29184.96,29228.51,3589.09589
2023-08-16 04:00:00,29228.51,29235.54,29111.0,29197.67,4292.06725
2023-08-16 08:00:00,29197.67,29216.46,29100.0,29164.67,4256.97828
2023-08-16 12:00:00,29164.67,29211.34,29047.09,29106.55,5632.45835
2023-08-16 16:00:00,29106.55,29235.0,28956.0,29111.7,6779.88052
2023-08-16 20:00:00,29111.69,29139.99,28723.08,28730.51,8446.21825
2023-08-17 00:00:00,28730.51,28783.48,28342.0,28657.31,10139.13995
2023-08-17 04:00:00,28657.3,28706.31,28601.87,28621.99,3829.77192
2023-08-17 08:00:00,28622.0,28635.3,28483.89,28545.11,5762.14855
2023-08-17 12:00:00,28545.1,28573.55,27888.0,27934.02,19119.98745
2023-08-17 16:00:00,27934.02,28089.78,27700.0,27894.01,14489.295
2023-08-17 20:00:00,27894.0,27920.23,25166.0,26623.41,46931.19746
2023-08-18 00:00:00,26623.41,26832.6,26321.18,26398.0,11747.28054
2023-08-18 04:00:00,26397.99,26610.0,26157.71,26429.99,13379.28911
2023-08-18 08:00:00,26430.0,26609.65,26381.6,26494.0,8403.77999
2023-08-18 12:00:00,26494.0,26500.0,25931.95,26002.0,14426.63632
2023-08-18 16:00:00,26001.99,26313.33,25619.0,26065.01,16489.27194
2023-08-18 20:00:00,26065.01,26243.8,26006.01,26054.0,5344.39921
2023-08-19 00:00:00,26054.0,26154.57,25924.0,25967.51,3998.46404
2023-08-19 04:00:00,25967.51,26009.18,25801.09,25917.99,4454.75935
2023-08-19 08:00:00,25918.0,25999.01,25884.0,25900.08,4023.9561
2023-08-19 12:00:00,25900.07,26226.04,25872.06,26216.01,6106.37301
2023-08-19 16:00:00,26216.01,26281.0,26026.96,26125.62,5104.24597
2023-08-19 20:00:00,26125.61,26156.0,26033.16,26100.01,2472.95496
2023-08-20 00:00:00,26100.01,26207.88,26046.4,26105.24,2661.66837
2023-08-20 04:00:00,26105.23,26160.16,26047.41,26088.44,2915.3072
2023-08-20 08:00:00,26088.44,26198.72,26058.98,26176.7,3036.61074
2023-08-20 12:00:00,26176.69,26217.52,25971.05,26106.83,4427.24407
2023-08-20 16:00:00,26106.83,26162.34,26002.51,26137.25,2456.00338
2023-08-20 20:00:00,26137.25,26299.0,26137.25,26189.99,3560.07833
2023-08-21 00:00:00,26190.0,26195.12,26070.0,26090.66,3015.05087
2023-08-21 04:00:00,26090.66,26189.04,26000.0,26023.34,4091.24604
2023-08-21 08:00:00,26023.33,26088.32,25880.2,26031.6,5803.825
2023-08-21 12:00:00,26031.61,26198.89,25812.0,25939.59,9288.78777
2023-08-21 16:00:00,25939.59,26164.0,25937.6,26097.74,4995.45618
2023-08-21 20:00:00,26097.73,26258.42,26082.25,26126.92,3072.87647
2023-08-22 00:00:00,26126.92,26139.42,26025.54,26055.99,2759.8298
2023-08-22 04:00:00,26056.0,26117.28,26000.0,26106.69,2705.6774
2023-08-22 08:00:00,26106.69,26112.44,26027.22,26049.64,2844.91271
2023-08-22 12:00:00,26049.63,26100.23,25914.03,25936.61,5083.53852
2023-08-22 16:00:00,25936.62,26054.73,25726.29,25779.99,10251.20292
2023-08-22 20:00:00,25780.0,26070.04,25300.0,26056.0,10601.90553
2023-08-23 00:00:00,26055.99,26187.99,25990.15,26006.32,4736.45838
2023-08-23 04:00:00,26006.32,26183.91,25976.72,26057.13,5066.45045
2023-08-23 08:00:00,26057.12,26096.0,25902.62,25939.49,3695.73713
2023-08-23 12:00:00,25939.49,26185.0,25812.82,26144.0,8219.23356
2023-08-23 16:00:00,26143.99,26819.27,26127.24,26632.0,15370.84219
2023-08-23 20:00:00,26632.01,26723.99,26222.43,26432.72,6934.97807
2023-08-24 00:00:00,26432.71,26547.89,26345.76,26442.01,4085.62274
2023-08-24 04:00:00,26442.01,26516.0,26384.0,26477.38,3595.17305
2023-08-24 08:00:00,26477.39,26577.87,26409.4,26444.02,3940.98697
2023-08-24 12:00:00,26444.02,26444.02,25990.72,25996.34,8755.58585
2023-08-24 16:00:00,25996.35,26163.0,25864.0,26039.44,6438.38839
2023-08-24 20:00:00,26039.44,26207.15,25936.01,26180.05,3389.46416
2023-08-25 00:00:00,26180.05,26187.34,26011.41,26106.0,2777.0727
2023-08-25 04:00:00,26106.0,26111.11,25974.22,25980.5,3435.96694
2023-08-25 08:00:00,25980.5,26128.75,25980.49,26096.4,2924.78322
2023-08-25 12:00:00,26096.41,26314.05,25777.15,25932.01,11380.01633
2023-08-25 16:00:00,25932.01,26066.62,25832.25,25972.36,4923.47202
2023-08-25 20:00:00,25972.37,26085.2,25957.4,26060.01,2312.02651
2023-08-26 00:00:00,26060.0,26125.77,26027.2,26087.15,1584.31997
2023-08-26 04:00:00,26087.16,26088.0,26048.0,26050.81,2188.92461
2023-08-26 08:00:00,26050.82,26060.0,26001.83,26045.87,1545.41373
2023-08-26 12:00:00,26045.86,26078.0,25985.92,26054.0,1689.85745
2023-08-26 16:00:00,26054.0,26060.0,26004.77,26034.21,1625.43664
2023-08-26 20:00:00,26034.22,26047.62,25988.2,26017.37,1388.27082
2023-08-27 00:00:00,26017.38,26030.55,25966.11,26021.96,1957.15103
2023-08-27 04:00:00,26021.96,26055.54,26021.96,26043.61,1536.05749
2023-08-27 08:00:00,26043.61,26095.6,26033.78,26060.44,2365.95212
2023-08-27 12:00:00,26060.44,26182.23,26052.8,26122.15,2577.47772
2023-08-27 16:00:00,26122.14,26179.0,26037.27,26125.49,2530.06704
2023-08-27 20:00:00,26125.48,26133.71,26040.17,26101.77,1132.93676
2023-08-28 00:00:00,26101.78,26105.0,25986.41,26012.98,3309.2282
2023-08-28 04:00:00,26012.98,26038.83,25872.05,25934.12,3765.35956
2023-08-28 08:00:00,25934.13,26004.0,25864.5,26000.99,3075.66108
2023-08-28 12:00:00,26000.99,26253.99,25991.44,26104.17,6287.02969
2023-08-28 16:00:00,26104.16,26191.79,25918.0,25996.26,3676.97567
2023-08-28 20:00:00,25996.27,26178.83,25946.18,26120.0,2578.37235
2023-08-29 00:00:00,26120.0,26206.24,26066.36,26083.19,2640.28117
2023-08-29 04:00:00,26083.18,26095.08,25990.58,26004.2,4150.9928
2023-08-29 08:00:00,26004.2,26046.0,25922.0,25975.55,3858.26938
2023-08-29 12:00:00,25975.54,27692.0,25964.79,27423.44,33126.0864
2023-08-29 16:00:00,27423.44,28142.85,27350.01,27831.33,23108.38949
2023-08-29 20:00:00,27831.33,27883.61,27532.79,27716.34,7367.97564
2023-08-30 00:00:00,27716.34,27768.57,27280.99,27391.13,7647.4885
2023-08-30 04:00:00,27391.14,27476.03,27371.94,27436.25,3198.93935
2023-08-30 08:00:00,27436.25,27499.0,27310.05,27338.51,4292.3234
2023-08-30 12:00:00,27338.52,27464.45,27017.24,27201.63,12439.12326
2023-08-30 16:00:00,27201.63,27286.88,27067.9,27178.28,5043.37898
2023-08-30 20:00:00,27178.27,27337.78,27178.27,27299.99,2827.00499
2023-08-31 00:00:00,27299.99,27303.36,27178.88,27217.27,2159.40313
2023-08-31 04:00:00,27217.28,27294.97,27215.0,27261.03,2206.16181
2023-08-31 08:00:00,27261.03,27587.51,27184.99,27303.96,6087.65912
2023-08-31 12:00:00,27303.95,27315.47,26803.73,26922.01,11366.93936
2023-08-31 16:00:00,26922.01,26924.87,25928.0,26162.79,20012.11138
2023-08-31 20:00:00,26162.79,26194.86,25655.01,25940.78,9200.52921
2023-09-01 00:00:00,25940.77,26100.0,25931.11,26081.01,3653.53305
2023-09-01 04:00:00,26081.0,26095.0,25978.0,25990.92,2839.42565
